{"workframe_pos": [0.545, 0.0, 0.0525], "workframe_rpy": [-3.141592653589793, 0.0, 1.5707963267948966], "obj_poses": [[0, 0, 0, 0, 0, 0]], "poses_rng": [[0, -6.0, 1.5, -2.5, -2.5, -180], [0, 6.0, 5.5, 2.5, 2.5, 180]], "moves_rng": [[0, 0, 0, 0, 0, 0], [0, 0, 0, 0, 0, 0]]}