{"workframe_pos": [0.55, 0.0, 0.0525], "workframe_rpy": [-3.141592653589793, 0.0, 1.5707963267948966], "obj_poses": [[0, 0, 0, 0, 0, 0]], "poses_rng": [[0.0, -3.0, 2.0, -20.0, -20.0, -180.0], [0.0, 3.0, 5.5, 20.0, 20.0, 180.0]], "moves_rng": [[0, 0, 0, 0, 0, 0], [0, 0, 0, 0, 0, 0]]}